<?xml version="1.0" encoding="utf-8"?>
<ModMetaData>
    <name>Better Time Format</name>
    <packageId>netrve.bettertime</packageId>
    <supportedVersions>
        <li>1.2</li>
        <li>1.3</li>
        <li>1.4</li>
    </supportedVersions>
    <modDependencies>
        <li>
            <packageId>brrainz.harmony</packageId>
            <displayName>Harmony</displayName>
            <steamWorkshopUrl>steam://url/CommunityFilePage/2009463077</steamWorkshopUrl>
        </li>
    </modDependencies>
    <loadAfter>
        <li>brrainz.harmony</li>
        <li>ludeon.rimWorld</li>
    </loadAfter>
    <author>Netrve</author>
    <description>This mod simply gives you more options to display the time. (Version 1.2.2)</description>
</ModMetaData>